datasource_id,formulainput_id
0b054501-056f-33f4-98d0-1253f5681cbf,d48e6232-33b4-4e62-b49c-0fb8a2728960
0b054501-056f-33f4-98d0-1253f5681cbf,eb9d2f86-d3b1-42cc-a1ec-c12b2060833c
0b054501-056f-33f4-98d0-1253f5681cbf,524aa9c7-7093-490c-9b69-8ed6045d843e
0b054501-056f-33f4-98d0-1253f5681cbf,eb553e4e-1db8-444e-bae1-60dda9ab45e7
0b054501-056f-33f4-98d0-1253f5681cbf,21d2d864-938e-4ac5-8973-f476a7bbc656
0b054501-056f-33f4-98d0-1253f5681cbf,1a5a4daf-8da6-4873-92e6-336512886a05
0b054501-056f-33f4-98d0-1253f5681cbf,ea9d520e-79cf-4625-94b8-1a2694b850ae
0b054501-056f-33f4-98d0-1253f5681cbf,ae81e2b9-8698-4024-9326-bc317b72f051
0b054501-056f-33f4-98d0-1253f5681cbf,c3ccade5-dc28-4eb2-b3f2-2baa567bc670
0b054501-056f-33f4-98d0-1253f5681cbf,40928fe8-2eb8-4774-bfb2-a58c38794e99
0b054501-056f-33f4-98d0-1253f5681cbf,1ae9c009-5288-4969-b2cd-e6587cea42c9
0b054501-056f-33f4-98d0-1253f5681cbf,7db83419-8c96-4a13-8ddd-d23dc742d0a1
0b054501-056f-33f4-98d0-1253f5681cbf,75b3fc73-a7aa-4870-87d5-650fd6ba323e
0b054501-056f-33f4-98d0-1253f5681cbf,0bbc8dfe-ff1f-4920-a385-4bdd63b6083d
0b054501-056f-33f4-98d0-1253f5681cbf,1f5a2632-a08d-479e-954b-aaf6fbb36953
0b054501-056f-33f4-98d0-1253f5681cbf,ef62754d-32ff-4f16-a683-362e148f5b51
0b054501-056f-33f4-98d0-1253f5681cbf,c4baddbb-8b88-44cf-97bc-556bb038f93f
0b054501-056f-33f4-98d0-1253f5681cbf,3be15597-908e-40e1-a84f-6bdc4b78a610
0b054501-056f-33f4-98d0-1253f5681cbf,1191e57b-0571-4b0d-aca5-37de12c2409a
0b054501-056f-33f4-98d0-1253f5681cbf,962495d2-aacb-472b-ba59-7fe50e71d49d
0b054501-056f-33f4-98d0-1253f5681cbf,a238f330-00ae-4d3c-9e76-864813afd282
0b054501-056f-33f4-98d0-1253f5681cbf,95d33706-adfc-44e8-b335-4d9b89628a12
0b054501-056f-33f4-98d0-1253f5681cbf,bfb07264-99c6-4223-9770-faa46f2f96f7
0b054501-056f-33f4-98d0-1253f5681cbf,f7062731-4b6c-4d47-b171-30e40499e9cf
0b054501-056f-33f4-98d0-1253f5681cbf,f08d6851-bfae-47c5-8863-8d0a6574b658
0b054501-056f-33f4-98d0-1253f5681cbf,6cf3e7d1-dc87-497f-a2ab-b3dc038b8dad
0b054501-056f-33f4-98d0-1253f5681cbf,c481c26e-a8a9-4889-bfd3-faec4d8d2c1b
0b054501-056f-33f4-98d0-1253f5681cbf,9b84d1f9-f3fa-40b4-a610-3ff1d7cf2e0b
0b054501-056f-33f4-98d0-1253f5681cbf,cd17fe74-822f-4778-a302-829d8a28bb07
0b054501-056f-33f4-98d0-1253f5681cbf,25d23945-20b7-4e7a-9f05-88208b3a09d5
0b054501-056f-33f4-98d0-1253f5681cbf,f3ae0caf-9949-4f6f-b080-761b6d5088f5
0b054501-056f-33f4-98d0-1253f5681cbf,0a00324e-8388-4f5b-a88d-1af2ad31dfee
0b054501-056f-33f4-98d0-1253f5681cbf,53335e72-435e-4f7f-bef0-9771d8c39303
0b054501-056f-33f4-98d0-1253f5681cbf,96c12739-8012-4854-b3a2-56ae3453721f
0b054501-056f-33f4-98d0-1253f5681cbf,91d6dc69-e091-4cea-8cc3-64ac07cb1994
0b054501-056f-33f4-98d0-1253f5681cbf,b8582dba-8b18-4ad4-aa8b-a3cfba0d8957
0b054501-056f-33f4-98d0-1253f5681cbf,eb7091c8-1ae7-49ec-afe7-79b376d48827
0b054501-056f-33f4-98d0-1253f5681cbf,b2f8a81b-95f8-473c-8468-a01015966a7d
0b054501-056f-33f4-98d0-1253f5681cbf,6d238c98-4e1b-4311-962a-2d3914fc0ea4
0b054501-056f-33f4-98d0-1253f5681cbf,f82449ff-69e1-444c-bc15-1d8140a5eed4
0b054501-056f-33f4-98d0-1253f5681cbf,21530c85-cfd1-4bb2-9aaa-c4c15e1f7804
0b054501-056f-33f4-98d0-1253f5681cbf,576206ba-fd65-4bd0-ad1e-6eab709d2f7a
0b054501-056f-33f4-98d0-1253f5681cbf,fe15f4eb-c99c-4672-b448-90cc105e46f6
0b054501-056f-33f4-98d0-1253f5681cbf,558d190e-1b2d-451f-b15e-b11156e6ff20
0b054501-056f-33f4-98d0-1253f5681cbf,4798c480-bd3d-4530-9e5a-46b421646a9f
0b054501-056f-33f4-98d0-1253f5681cbf,03a61397-0186-4da0-9ba9-9c25c3305289
0b054501-056f-33f4-98d0-1253f5681cbf,c9d7e74d-5dbc-4b76-b072-e692efc999d7
0b054501-056f-33f4-98d0-1253f5681cbf,d8dcb812-7332-44dd-b2b7-8d460f4a2ceb
